state,n1_1987,n1_1988,n1_1989,n1_1990,n1_1991,n1_1992,n1_1993,n1_1994,n1_1995,n1_1996,n1_1997,n1_1998,n1_1999,n1_2000,n1_2001,n1_2002,n1_2003,n1_2004,n1_2005,n1_2006,n1_2007,n1_2008,n1_2009,n1_2010,n1_2011,n1_2012,n1_2013,n1_2014,n1_2015,n1_2016,n2_1987,n2_1988,n2_1989,n2_1990,n2_1991,n2_1992,n2_1993,n2_1994,n2_1995,n2_1996,n2_1997,n2_1998,n2_1999,n2_2000,n2_2001,n2_2002,n2_2003,n2_2004,n2_2005,n2_2006,n2_2007,n2_2008,n2_2009,n2_2010,n2_2011,n2_2012,n2_2013,n2_2014,n2_2015,n3_1987,n3_1988,n3_1989,n3_1990,n3_1991,n3_1992,n3_1993,n3_1994,n3_1995,n3_1996,n3_1997,n3_1998,n3_1999,n3_2000,n3_2001,n3_2002,n3_2003,n3_2004,n3_2005,n3_2006,n3_2007,n3_2008,n3_2009,n3_2010,n3_2011,n3_2012,n3_2013,n3_2014,n3_2015
Southeast Region,,,,,,,,,9325.238095,9637.666667,10274.90476,10547.66667,10482.33333,10678.7037,11113.66667,11582.125,12037.225,12564.475,12926.275,13526.5,13784.625,14328.95,14797,15055,15294,15380,14840,15031,15257,15267,,,,,,,,,14502.88686,14558.89637,15173.37758,15337.27798,14912.91236,14698.22483,14873.67551,15259.36921,15505.58129,15764.92415,15687.38823,15902.82962,15757.49469,15774.07069,16347.48574,16364.10342,16115.20456,15877.25054,15098.63314,15048.84144,15257,,,,,,,,,8584.848456,8618.002762,8981.739178,9078.758487,8827.559224,8700.476943,8804.333333,9032.64112,9178.384063,9331.899643,9286.002983,9413.531498,9327.501845,9337.313855,9676.741541,9686.578218,9539.244862,9398.390202,8937.494902,8908.021171,9031.238688
Alabama,,,,,,,,,9500,10000,10400,10700,10900,11050,11700,12400,13100,13800,14100,14400,14700,15000,15450,15450,15900,15900,15900,15900,15900,15900,,,,,,,,,14774.68176,15106.24602,15358.1109,15558.78466,15507.11465,15209.27904,15658.37888,16336.91384,16874.57989,17315.16464,17111.82642,16929.78571,16803.8791,16512.79824,17068.90956,16793.45054,16753.74346,16414.06265,16177.10693,15918.87292,15900,,,,,,,,,8745.734908,8942.001275,9091.090343,9209.877301,9179.291717,9002.990708,9268.831169,9670.483602,9988.75,10249.55003,10129.18587,10021.42857,9946.899326,9774.596731,10103.78163,9940.726235,9917.222002,9716.151119,9575.887396,9423.028183,9411.856533
Arkansas,,,,,,,,,,,,9700,10300,10400,10600,10600,11000,11500,11900,13600,13900,13900,14300,14300,14300,14300,14000,14300,14150,14150,,,,,,,,,,,,14104.69264,14653.512,14314.61556,14186.2236,13965.42635,14169.49457,14429.30386,14441.89606,15989.24206,15889.38228,15301.8597,15798.4082,15543.4526,15067.83217,14762.33307,14243.99353,14316.97376,14150,,,,,,,,,,,,8349.141104,8674.009604,8473.40302,8397.402597,8266.703724,8387.5,8541.291689,8548.74552,9464.68254,9405.571471,9057.792971,9351.720216,9200.801629,8919.262556,8738.42522,8431.598965,8474.798932,8375.960374
Florida,,,,8620,9020,9380,9800,10290,10006.66667,10118.66667,10394.33333,10741.33333,11018.66667,11898.33333,12283,12771.25,14112.25,14344.75,15052.75,15260,15606.25,15819.5,16475,16550,16750,16600,16600,16800,16800,15500,,,,15631.87865,15696.72056,15846.18289,16074.50934,16456.84838,15562.66479,15285.5068,15349.7427,15618.88713,15675.93828,16376.92957,16438.62118,16826.03314,18178.49543,17998.67449,18268.08831,17940.87014,17839.83253,17414.94745,18201.31294,17989.10074,17649.38383,17136.69434,16889.30661,16819.9412,16800,,,,9253.144606,9291.527166,9380,9515.155709,9741.477733,9212.174103,9048.113023,9086.136864,9245.454397,9279.22529,9694.170538,9730.688312,9960.013202,10760.59063,10654.1473,10813.6243,10619.93056,10560.12229,10308.61553,10774.09724,10648.48021,10447.38796,10143.9062,9997.467344,9956.407137,9944.60313
Georgia,,,,,,,,,,,,,,9800,10300,10750,11300,12500,12350,12750,13000,13100,13600,13600,13600,13600,13600,13600,13600,14000,,,,,,,,,,,,,,13488.77236,13784.72671,14163.05031,14555.93533,15684.02594,14988.01818,14989.91443,14860.57335,14421.17713,15025.05955,14782.58429,14330.24598,14039.70139,13837.02228,13616.14288,13600,,,,,,,,,,,,,,7984.552846,8159.74026,8383.685381,8616.25,9284.012705,8872.017409,8873.139881,8796.577635,8536.481145,8893.943702,8750.412738,8482.655298,8310.670139,8190.696137,8059.948635,8050.39301
Louisiana,,,6250,6500,6760,7050,7350,7700,8000,8400,8650,9300,9500,9900,10500,10200,10600,10900,11300,13000,12000,13500,13625,15000,15000,15050,15050,14300,14300,15000,,,11946.42137,11787.3795,11763.83935,11909.97755,12055.88201,12314.64845,12441.83727,12689.24665,12773.8134,13523.05583,13515.37515,13626.41289,14052.3913,13438.42913,13654.24022,13676.47062,13713.73323,15283.83433,13717.45233,14861.51842,15052.67914,16304.32091,15805.41836,15536.58131,15312.29304,14316.97376,14300,,,7071.572581,6977.429227,6963.49486,7050,7136.366782,7289.541161,7364.829396,7511.281071,7561.339564,8004.846626,8000.30012,8066.027875,8318.181818,7954.75264,8082.5,8095.659079,8117.716334,9047.123016,8119.917817,8797.137058,8910.292863,9651.19052,9355.869814,9196.734235,9063.968887,8474.798932,8464.751474
Mississippi,,,,7700,8000,8310,8650,8910,9190,9470,9940,10240,10540,10960,11740,12100,12560,12500,13060,13430,13490,14390,14750,15130,15500,15960,14960,14690,15000,15000,,,,13963.51109,13921.70338,14038.56928,14188.21488,14249.80749,14292.56056,14305.61498,14678.80984,14889.90233,14994.95306,15085.40256,15711.9118,15941.66593,16178.98652,15684.02594,15849.67752,15789.37654,15420.70266,15841.27778,16295.56091,16445.62502,16332.26564,16476.00251,15220.72451,14707.43668,15000,,,,8265.570008,8240.82232,8310,8398.581315,8435.040486,8460.347769,8468.075207,8688.984424,8813.93865,8876.122449,8929.663182,9300.519481,9436.520289,9577,9284.012705,9382.068612,9346.374008,9128.140946,9377.096464,9646.005118,9734.834171,9667.732141,9752.81584,9009.765751,8705.929812,8879.109937
North Carolina,,,,,,,9600,10240,10780,11100,11540,12000,9500,9500,9800,10000,10300,11000,11300,11800,12400,13200,14000,14000,14000,14000,14000,14400,15000,15000,,,,,,,15746.45813,16376.88313,16765.37572,16767.93308,17041.59614,17449.10429,13515.37515,13075.85075,13115.56522,13174.93052,13267.79946,13801.94283,13713.73323,13873.01885,14174.70074,14531.26245,15466.97306,15217.36618,14751.7238,14452.63378,14243.99353,14417.09246,15000,,,,,,,9320.968858,9694.14305,9924.107612,9925.621415,10087.61371,10328.83436,8000.30012,7740.127758,7763.636364,7798.777098,7853.75,8169.931181,8117.716334,8212.003968,8390.581744,8601.645123,9155.530281,9007.777819,8732.145159,8555.101614,8431.598965,8534.06326,8879.109937
Puerto Rico,,,,6000,6000,8850,8850,9200,9400,9575,12000,12300,12300,12500,12500,13100,13100,14000,13500,13725,14250,14750,15300,15600,16500,17000,15900,17000,17700,18000,,,,10880.658,10441.27753,14950.82288,14516.26609,14713.60594,14619.15879,14464.23056,17720.8972,17885.3319,17498.85414,17205.06678,16729.03727,17259.15898,16874.57989,17566.10905,16383.66359,16136.20201,16289.47464,16237.58494,16903.19199,16956.49374,17385.96019,17549.62673,16177.10693,17020.1786,17700,,,,6440.703902,6180.61674,8850,8592.768166,8709.581646,8653.674541,8561.966221,10489.71963,10587.05521,10358.28331,10184.37863,9902.597403,10216.398,9988.75,10398.09423,9698.156682,9551.674107,9642.402408,9611.686786,10005.68666,10037.23814,10291.45679,10388.33767,9575.887396,10074.93579,10477.34973
South Carolina,,,,,,,7500,8000,8400,8800,9000,9400,9800,10100,10600,11000,11400,12200,12800,13400,14200,14630,15070,15520,15990,15990,14390,14820,15120,15120,,,,,,,12301.92042,12794.43995,13063.92913,13293.49649,13290.6729,13668.46503,13942.17647,13901.69396,14186.2236,14492.42357,14684.74891,15307.60932,15534.1403,15754.10615,16232.31858,16105.48255,16649.09172,16869.53737,16848.57597,16506.97244,14640.79049,14837.59099,15120,,,,,,,7282.00692,7573.549258,7733.070866,7868.961122,7867.28972,8090.920245,8252.941176,8228.977933,8397.402597,8578.654808,8692.5,9061.1964,9195.289299,9325.496032,9608.569417,9533.490012,9855.274382,9985.765125,9973.357221,9771.148201,8666.479221,8782.973439,8950.142817
Tennessee,,,,,,,,,,,,,,,,12900,12900,12900,13900,13900,14300,15000,15400,15400,15400,15400,14000,14500,15000,15000,,,,,,,,,,,,,,,,16995.66037,16616.95272,16185.91477,16869.10548,16341.94593,16346.63069,16512.79824,17013.67037,16739.1028,16226.89618,15897.89716,14243.99353,14517.21116,15000,,,,,,,,,,,,,,,,10060.42246,9836.25,9581.101112,9985.509473,9673.462302,9676.235399,9774.596731,10071.08331,9908.5556,9605.359675,9410.611776,8431.598965,8593.327589,8879.109937
Northeast Region,,,,,,,,,,,,,10468.36364,10849.54545,11299.54545,11570,11967.72727,12147.27273,12477.72727,12905.45455,13388.63636,13772.72727,14308.90909,14545,14821.90909,14965.45455,15166.36364,15215.45455,15416.36364,15416.36364,,,,,,,,,,,,,14893.03808,14933.37233,15122.44136,15243.39461,15416.05878,15241.45124,15143.0286,15172.67917,15304.83175,15161.75111,15808.25082,15809.75651,15617.76494,15449.30242,15430.68468,15233.51493,15416.36364,,,,,,,,,,,,,8815.794827,8839.670309,8951.587957,9023.185103,9125.392045,9022.034747,8963.77438,8981.325758,9059.552246,8974.856999,9357.546463,9358.437741,9244.790123,9145.07031,9134.04971,9017.336918,9125.572504
Connecticut,,,,,,,,,,,,,8600,8850,9250,9600,9880,10000,10400,11100,11800,12690,13650,14300,15000,15000,15000,15000,15000,15000,,,,,,,,,,,,,12234.97119,12181.18728,12379.48758,12647.9333,12726.78239,12547.22075,12621.48899,13050.04315,13488.82812,13969.82731,15080.29874,15543.4526,15805.41836,15484.96476,15261.42164,15017.80464,15000,,,,,,,,,,,,,7242.376951,7210.54007,7327.922078,7486.826014,7533.5,7427.210164,7471.172555,7724.85119,7984.585853,8269.308835,8926.642024,9200.801629,9355.869814,9166.180301,9033.856034,8889.64923,8879.109937
Maine,,,,,,,,,,,,,10000,10000,10300,10600,11000,11600,12200,12200,12200,12200,12200,12200,12200,12200,12200,13200,13500,13500,,,,,,,,,,,,,14226.71068,13764.05343,13784.72671,13965.42635,14169.49457,14554.77607,14805.97747,14343.29067,13946.07653,13430.40924,13478.36224,13260.84767,12855.0736,12594.43801,12412.62293,13215.66809,13500,,,,,,,,,,,,,8421.368547,8147.502904,8159.74026,8266.703724,8387.5,8615.56379,8764.260113,8490.376984,8255.249781,7950.005341,7978.390674,7849.634956,7609.440782,7455.159978,7347.536241,7822.891322,7991.198944
Maryland/Delaware,,,,,,,,,,,,,11700,11700,12100,12500,12500,11500,11500,12500,12875,13300,13740,14000,14350,14350,14350,14350,14700,14700,,,,,,,,,,,,,16645.2515,16103.94251,16193.70807,16468.66315,16101.69837,14429.30386,13956.45417,14695.99454,14717.68322,14641.34777,15179.72928,15217.36618,15120.5169,14813.94962,14600.09336,14367.03311,14700,,,,,,,,,,,,,9853.0012,9532.578397,9585.714286,9748.471373,9531.25,8541.291689,8261.392729,8699.156746,8711.995158,8666.809102,8985.499005,9007.777819,8950.448788,8768.979155,8642.388939,8504.431096,8701.527739
Massachusetts,,,,,,,,,,,,,10820,11270,11950,11780,12270,12700,13100,13900,15560,16200,16608,16445,16101,16000,16700,15800,15800,15800,,,,,,,,,,,,,15393.30096,15512.08821,15992.95963,15520.06815,15805.42712,15934.97035,15898.22171,16341.94593,17786.96318,17833.8221,18348.24919,17874.97049,16965.53607,16517.29575,16991.04942,15818.75422,15800,,,,,,,,,,,,,9111.920768,9182.235772,9466.883117,9186.959422,9355.875,9432.556908,9410.803891,9673.462302,10528.82677,10556.56447,10861.07478,10580.92187,10042.59066,9777.258988,10057.69305,9363.763855,9352.662467
New Hampshire/Vermont,,,,,,,,,,,,,9600,9980,10900,11300,11750,12100,12280,12800,13100,13360,13800,14350,14900,14900,13700,14850,15000,15000,,,,,,,,,,,,,13657.64226,13736.52532,14587.7205,14887.67148,15135.59647,15182.13711,14903.06585,15048.69841,14974.88545,14707.39897,15246.0163,15597.80034,15700.0489,15381.73167,13938.76509,14867.6266,15000,,,,,,,,,,,,,8084.513806,8131.207898,8635.064935,8812.618121,8959.375,8986.924299,8821.730671,8907.936508,8864.243617,8705.907489,9024.736992,9232.972264,9293.497348,9105.072432,8250.921844,8800.752737,8879.109937
New Jersey,,,,,,,,,,,,,12630,12980,13300,13700,14200,14600,14600,14950,15300,15300,15800,15800,16200,16500,16500,16900,16900,16900,,,,,,,,,,,,,17968.33559,17865.74135,17799.69565,18049.65481,18291.52935,18318.9423,17718.62878,17576.40947,17489.75171,16843.05421,17455.58389,17173.88469,17069.85183,17033.46124,16787.5638,16920.0599,16900,,,,,,,,,,,,,10636.18848,10575.45877,10536.36364,10684.32462,10827.5,10843.72684,10488.37686,10404.19147,10352.89522,9970.088666,10332.66989,10165.92068,10104.3394,10082.79833,9937.241637,10015.67147,10003.7972
New York,,,,,,,,,,,,,12902,13345,13475,14040,14475,14025,14580,14590,14005,14560,15090,15400,15390,15870,15280,15470,16220,16220,,,,,,,,,,,,,18355.30212,18368.1293,18033.90217,18497.60245,18645.76671,17597.4771,17694.35668,17153.16483,16009.40998,16028.42283,16671.18739,16739.1028,16216.35924,16383.09272,15546.30151,15488.36252,16220,,,,,,,,,,,,,10865.2497,10872.84262,10675,10949.48305,11037.1875,10416.66226,10474.00922,10153.65575,9476.620752,9487.875227,9868.353711,9908.5556,9599.122429,9697.818758,9202.488013,9168.191572,9601.277545
Pennsylvania,,,,,,,,,,,,,11800,11970,12410,12760,13140,13400,13700,13800,14200,14680,15420,16050,16700,17200,17200,17200,17460,17460,,,,,,,,,,,,,16787.51861,16475.57195,16608.5882,16811.21134,16926.10533,16813.27581,16626.38454,16224.37798,16232.31858,16160.52521,17035.76605,17445.62337,17596.69911,17756.09293,17499.76348,17220.41599,17460,,,,,,,,,,,,,9937.214886,9752.560976,9831.298701,9951.239578,10019.25,9952.46162,9841.833077,9603.869048,9608.569417,9566.072001,10084.16264,10326.77386,10416.20173,10510.55341,10358.82159,10193.46445,10335.28397
Rhode Island,,,,,,,,,,,,,7700,8400,8800,8550,9350,9670,9990,10200,11785,12360,12900,12900,12900,12900,16700,15800,15800,15800,,,,,,,,,,,,,10954.56723,11561.80488,11777.24224,11264.56559,12044.07038,12133.16247,12123.91106,11991.93155,13471.6813,13606.54575,14251.71089,14021.71598,13592.65979,13317.0697,16991.04942,15818.75422,15800,,,,,,,,,,,,,6484.453782,6843.902439,6971.428571,6667.954419,7129.375,7182.112229,7176.635945,7098.511905,7974.435956,8054.267706,8436.167188,8300.023847,8046.04804,7882.915059,10057.69305,9363.763855,9352.662467
Virginia,,,,,,,,,,,,,8600,10050,10460,10840,11280,11675,12205,12820,13000,13000,13840,14050,14400,14400,14400,14400,14600,14600,,,,,,,,,,,,,12234.97119,13832.87369,13998.85839,14281.62468,14530.17261,14648.88023,14812.04549,15072.212,14860.57335,14311.09181,15290.20766,15271.71392,15173.20162,14865.56617,14650.96477,14417.09246,14600,,,,,,,,,,,,,7242.376951,8188.240418,8286.493506,8453.874375,8601,8671.267867,8767.852023,8921.855159,8796.577635,8471.317167,9050.89565,9039.948454,8981.635021,8799.533089,8672.501792,8534.06326,8642.333672
West Virginia,,,,,,,,,,,,,10800,10800,11350,11600,11800,12350,12700,13100,13450,13850,14350,14500,14900,15300,14800,14400,14600,14600,,,,,,,,,,,,,15364.84754,14865.1777,15189.96584,15282.9194,15200.00326,15495.81763,15412.77983,15401.40228,15374.97781,15246.81704,15853.64739,15760.84354,15700.0489,15794.66406,15057.93601,14417.09246,14600,,,,,,,,,,,,,9095.078031,8799.303136,8991.558442,9046.581434,8997.5,9172.604553,9123.451101,9116.71627,9101.074553,9025.210982,9384.418539,9329.484169,9293.497348,9349.503907,8913.40462,8534.06326,8642.333672
Midwest Region,,,,,,,,,,,,,9895.833333,10229.16667,10566.66667,10867.91667,11336.66667,11674.58333,12047.5,12373.33333,12725.83333,13085.83333,13509.16667,13757.5,14088.33333,14241.25,14131.66667,14344.58333,14578.33333,14695.41667,,,,,,,,,,,,,14078.51578,14079.47965,14141.61284,14318.40469,14603.16697,14648.35743,14620.90275,14547.07513,14547.16767,14405.58171,14924.70835,14953.77966,14844.80015,14701.68363,14377.95489,14361.61001,14578.33333,,,,,,,,,,,,,8333.645958,8334.216512,8370.995671,8475.645961,8644.208333,8670.9584,8654.706861,8611.005291,8611.060068,8527.249582,8834.54175,8851.750238,8787.240837,8702.524347,8510.896145,8501.220945,8629.508291
Illinois,,,,,,,,,,,,,9690,9690,10000,10400,10820,11250,11700,11700,12000,12120,12250,12750,13100,13100,13100,13500,13900,13900,,,,,,,,,,,,,13785.68265,13337.36777,13383.22981,13701.92774,13937.63011,14115.62335,14199.17512,13755.45089,13717.45233,13342.34098,13533.60143,13858.67277,13803.3987,13523.53589,13328.30823,13516.02418,13900,,,,,,,,,,,,,8160.306122,7894.930314,7922.077922,8110.728182,8250.25,8355.611435,8405.069124,8142.410714,8119.917817,7897.874159,8011.088996,8203.511942,8170.792971,8005.130796,7889.567603,8000.684307,8227.975209
Indiana,,,,,,,,,,,,,9800,10250,10700,11025,11550,10670,10670,11000,11500,11800,12000,12000,12500,13000,13000,13500,14000,14000,,,,,,,,,,,,,13942.17647,14108.15476,14320.0559,14525.36089,14877.96929,13387.88454,12949.16226,12932.4752,13145.89181,12990.06795,13257.40548,13043.45673,13171.18196,13420.3028,13226.56542,13516.02418,14000,,,,,,,,,,,,,8252.941176,8351.190476,8476.623377,8598.151751,8806.875,7924.833245,7665.135689,7655.257937,7781.587908,7689.349428,7847.597384,7720.952416,7796.558178,7944.022927,7829.341896,8000.684307,8287.169275
Kentucky,,,,,,,,,,,,,10700,11010,11420,11700,12000,12000,12000,12000,12000,12000,12500,12500,13000,13000,13500,13500,14000,14000,,,,,,,,,,,,,15222.58043,15154.22282,15283.64845,15414.6687,15457.63043,15056.6649,14563.25653,14108.15476,13717.45233,13210.23859,13809.79738,13586.93409,13698.02924,13420.3028,13735.27947,13516.02418,14000,,,,,,,,,,,,,9010.864346,8970.400697,9047.012987,9124.569205,9150,8912.652197,8620.583717,8351.190476,8119.917817,7819.677385,8174.580608,8042.658767,8108.420505,7944.022927,8130.47043,8000.684307,8287.169275
Michigan,,,,,,,,,,,,,9400,9400,9400,9700,10000,10600,11200,11900,13700,14300,15200,15500,15700,15700,15700,15700,15700,15700,,,,,,,,,,,,,13373.10804,12938.21022,12580.23602,12779.6826,12881.3587,13300.054,13592.37276,13990.58681,15660.75807,15742.20099,16792.71361,16847.79827,16543.00455,16207.59645,15973.62131,15718.63553,15700,,,,,,,,,,,,,7916.086435,7658.652729,7446.753247,7564.813785,7625,7872.842774,8045.878136,8281.597222,9270.239508,9318.448884,9940.29002,9972.896871,9792.477072,9593.935382,9455.435982,9304.499527,9293.468401
Ohio,,,,,,,,,,,,,10700,11100,11500,10500,11000,11500,12000,12000,12000,12500,13000,13000,13500,13500,13500,14000,14000,14000,,,,,,,,,,,,,15222.58043,15278.0993,15390.71429,13833.67704,14169.49457,14429.30386,14563.25653,14108.15476,13717.45233,13760.6652,14362.18927,14130.41145,14224.87652,13936.46829,13735.27947,14016.61767,14000,,,,,,,,,,,,,9010.864346,9043.728223,9110.38961,8188.715953,8387.5,8541.291689,8620.583717,8351.190476,8119.917817,8145.497276,8501.563833,8364.365117,8420.282832,8249.562271,8130.47043,8297.005948,8287.169275
Wisconsin,,,,,,,,,,,,,9200,9200,9600,10000,10450,10850,10950,11350,11500,11500,11500,11500,11500,11500,11500,11500,11500,11500,,,,,,,,,,,,,13088.57383,12662.92915,12847.90062,13174.93052,13461.01984,13613.73452,13288.97158,13343.96305,13145.89181,12659.81199,12705.01359,12499.97936,12117.48741,11871.80632,11700.42325,11513.65023,11500,,,,,,,,,,,,,7747.659064,7495.702671,7605.194805,7798.777098,7968.125,8058.523028,7866.282642,7898.834325,7781.587908,7493.857494,7520.61416,7399.246065,7172.833524,7027.404897,6925.956292,6815.397743,6807.317619
Iowa,,,,,,,,,,,,9500,10100,10700,10900,11350,11680,12030,12450,12820,13200,13600,14100,14500,14940,14940,14940,14940,14940,14940,,,,,,,,,,,,13813.87423,14368.97779,14727.53717,14587.7205,14953.54614,15045.42696,15094.30656,15109.37865,15072.212,15089.19756,14971.60374,15577.45144,15760.84354,15742.19668,15423.0249,15200.37595,14957.73342,14940,,,,,,,,,,,,8176.993865,8505.582233,8717.828107,8635.064935,8851.612007,8906,8934.933827,8943.855607,8921.855159,8931.909599,8862.301036,9220.926926,9329.484169,9318.446334,9129.51558,8997.720609,8854.090633,8843.593498
Minnesota,5900,6210,6750,7280,7630,7800,8050,8250,8250,9000,9400,9790,9980,10110,10390,11350,12200,12745,12900,13320,13320,14410,14830,15270,15700,16175,16000,16300,16600,16900,12309.8618,12441.88986,12902.13508,13201.86503,13277.8246,13176.99644,13204.06125,13194.26619,12830.64469,13595.62141,13881.36947,14235.56092,14198.25726,13915.45801,13905.17578,14953.54614,15715.25761,15991.43285,15655.50077,15660.05179,15226.37208,15863.29484,16383.94361,16597.79868,16543.00455,16697.95367,16278.84974,16319.34771,16600,7286.707746,7364.860524,7637.298387,7814.720735,7859.684288,7800,7816.020761,7810.222672,7594.980315,8047.801147,8216.94704,8426.607362,8404.52581,8237.125436,8231.038961,8851.612007,9302.5,9465.979354,9267.127496,9269.821429,9013.108777,9390.12926,9698.322434,9824.911949,9792.477072,9884.197758,9636.113102,9660.085496,9826.214997
Missouri,,,,,,,,,9050,9500,9880,10080,10380,10690,10990,10990,11540,12000,12400,12800,13200,13600,14000,14400,14600,14600,14600,14600,14600,14600,,,,,,,,,14074.82841,14350.93372,14590.20536,14657.24761,14767.32569,14713.77311,14708.16957,14479.24864,14865.08793,15056.6649,15048.69841,15048.69841,15089.19756,14971.60374,15466.97306,15652.14807,15383.94053,15072.03237,14854.45039,14617.32985,14600,,,,,,,,,8331.463255,8494.901211,8636.535826,8676.220859,8741.380552,8709.680604,8706.363636,8570.856031,8799.25,8912.652197,8907.936508,8907.936508,8931.909599,8862.301036,9155.530281,9265.142899,9106.379952,8921.748826,8792.953206,8652.591917,8642.333672
Nebraska,6480,6800,7000,7200,7350,7570,7860,8200,8420,8700,9000,9300,9600,10500,10900,11450,11900,12250,13000,13200,13500,13600,14200,14400,14800,15100,14200,14255,14470,14755,13519.9838,13623.96957,13379.99194,13056.78959,12790.56498,12788.44398,12892.4126,13114.30094,13095.03373,13142.43403,13290.6729,13523.05583,13657.64226,14452.2561,14587.7205,15085.29544,15328.81685,15370.34542,15776.86124,15518.97024,15432.13387,14971.60374,15687.92982,15652.14807,15594.67945,15588.19786,14447.47915,14271.92035,14470,8003.028169,8064.581572,7920.16129,7728.844682,7571.255507,7570,7631.543253,7762.887989,7751.48294,7779.541109,7867.28972,8004.846626,8084.513806,8554.878049,8635.064935,8929.599778,9073.75,9098.332451,9338.965694,9186.309524,9134.907544,8862.301036,9286.323571,9265.142899,9231.124883,9227.28817,8552.050378,8448.129984,8565.381386
North Dakota,6000,6200,6400,6700,7000,7420,7810,8120,8450,8709,9000,9400,9800,10300,10800,11350,11900,12500,13000,13390,13790,14200,14630,15070,15520,15680,15840,16240,16730,17150,12518.50352,12421.85461,12233.13548,12150.06809,12181.49046,12535.0402,12810.39979,12986.35655,13141.69062,13156.02966,13290.6729,13668.46503,13942.17647,14176.97503,14453.8882,14953.54614,15328.81685,15684.02594,15776.86124,15742.34936,15763.63896,15632.11567,16162.98685,16380.40774,16353.33953,16186.94983,16116.06125,16259.27649,16730,7410.211268,7353.000845,7241.290323,7192.119357,7210.71953,7420,7582.99654,7687.152497,7779.10105,7787.58891,7867.28972,8090.920245,8252.941176,8391.927991,8555.844156,8851.612007,9073.75,9284.012705,9338.965694,9318.536706,9331.138891,9253.284905,9567.529144,9696.229409,9680.206634,9581.713808,9539.751971,9624.526899,9903.167283
South Dakota,5800,5900,6000,6200,6500,6700,7100,7500,8000,8300,8600,8800,9400,9800,10200,10600,11000,11700,12300,13000,13000,13400,13900,14200,14200,14600,13700,14100,14500,14900,12101.22007,11820.79713,11468.56452,11243.3466,11311.38399,11318.70207,11645.81799,11994.78745,12441.83727,12538.18419,12699.97632,12796.00982,13373.10804,13488.77236,13650.89441,13965.42635,14169.49457,14680.24828,14927.33794,15283.83433,14860.57335,14751.4331,15356.49468,15434.75713,14962.46271,15072.03237,13938.76509,14116.73636,14500,7163.204225,6997.210482,6788.709677,6655.394032,6695.668135,6700,6893.633218,7100.202429,7364.829396,7421.861058,7517.632399,7574.478528,7916.086435,7984.552846,8080.519481,8266.703724,8387.5,8689.835892,8836.09831,9047.123016,8796.577635,8731.97308,9090.133637,9136.460359,8856.89009,8921.748826,8250.921844,8356.270276,8583.139606
Southwest Region,,,,,,,,,,,,9832.714286,10220,10884.28571,11201.42857,11765.71429,12122.85714,12691.42857,13030,13701.42857,14174.28571,14642.14286,15183.85714,15468.57143,15804.28571,16041.42857,15787.14286,15850,15787.14286,15787.14286,,,,,,,,,,,,14297.67142,14539.69832,14981.18901,14991.12928,15501.24682,15615.88713,15924.21559,15813.26938,16108.48956,16202.92404,16118.85006,16774.87924,16813.63684,16652.88984,16560.06375,16062.2829,15868.81357,15787.14286,,,,,,,,,,,,8463.373094,8606.638655,8867.974946,8873.858998,9175.818312,9243.678571,9426.190728,9360.517153,9535.269983,9591.169593,9541.402781,9929.733133,9952.675328,9857.522643,9802.575105,9507.918383,9393.396019,9345.051802
Arizona,,,,,,,,,,,,12000,12000,13200,13700,14000,14300,14600,14600,14900,15100,15400,15700,15900,16100,16600,16200,16400,16400,16400,,,,,,,,,,,,17449.10429,17072.05282,18168.55052,18335.02484,18444.90272,18420.34293,18318.9423,17718.62878,17517.6255,17261.12751,16953.13953,17345.10551,17282.58016,16964.48237,17136.69434,16482.33537,16419.46641,16400,,,,,,,,,,,,10328.83436,10105.64226,10754.70383,10853.24675,10918.28794,10903.75,10843.72684,10488.37686,10369.39484,10217.56325,10035.25264,10267.27324,10230.26195,10041.96693,10143.9062,9756.564516,9719.349824,9707.826865
Colorado,4900,5100,5415,5700,6000,6620,6900,7300,7600,7840,8080,8500,8900,9500,9800,10200,11000,12600,13100,14000,14400,14900,15400,15800,16200,16200,16500,16740,16100,16600,10223.44454,10217.97718,10350.37948,10336.6251,10441.27753,11183.55339,11317.76678,11674.92645,11819.74541,11843.29688,11932.07078,12359.78221,12661.77251,13075.85075,13115.56522,13438.42913,14169.49457,15809.49815,15898.22171,16459.51389,16460.94279,16402.71292,17013.67037,17173.88469,17069.85183,16723.76194,16787.5638,16759.86998,16100,6051.672535,6048.436179,6126.810484,6118.668707,6180.61674,6620,6699.446367,6910.863698,6996.587927,7010.528999,7063.077882,7316.257669,7495.018007,7740.127758,7763.636364,7954.75264,8387.5,9358.284807,9410.803891,9743.055556,9743.90138,9709.432753,10071.08331,10165.92068,10104.3394,9899.474725,9937.241637,9920.84854,9530.244666
Kansas,6030,6210,6830,7150,7440,7880,8250,8600,9000,9570,9955,10770,10500,11000,11300,11300,11300,11640,12100,12850,13330,14000,14700,15300,15680,15680,13700,13700,13700,13200,12581.09604,12441.88986,13055.04927,12966.11744,12947.18414,13312.14512,13532.11246,13754.02294,13997.06693,14456.67744,14700.96097,15660.5711,14938.04622,15140.45877,15123.04969,14887.67148,14555.93533,14604.96496,14684.617,15107.48239,15237.80329,15411.94503,16240.32172,16630.40733,16521.93066,16186.94983,13938.76509,13716.26157,13700,7447.262324,7364.860524,7727.814516,7675.17215,7663.964758,7880,8010.207612,8141.565452,8285.433071,8557.49522,8702.096573,9270.128834,8842.436975,8962.253194,8951.948052,8812.618121,8616.25,8645.272631,8692.421915,8942.733135,9019.875375,9122.956949,9613.306796,9844.21433,9780.002578,9581.713808,8250.921844,8119.212963,8109.587076
New Mexico,6000,6300,6600,6950,7260,7590,7900,8200,8600,9000,9400,9840,10180,10590,11010,11460,11910,12500,13010,13660,14490,14995,15587,15980,16500,17160,17160,17160,17160,17160,12518.50352,12622.2071,12615.42097,12603.42884,12633.94581,12822.23115,12958.02284,13114.30094,13374.97507,13595.62141,13881.36947,14308.26552,14482.79148,14576.13258,14734.93602,15098.47037,15341.69821,15684.02594,15788.99729,16059.78284,16563.82368,16507.29398,17220.26494,17369.53654,17385.96019,17714.79969,17459.06635,17180.36851,17160,7410.211268,7471.597633,7467.580645,7460.48202,7478.546256,7590,7670.380623,7762.887989,7917.191601,8047.801147,8216.94704,8469.644172,8572.953181,8628.205575,8722.207792,8937.398555,9081.375,9284.012705,9346.149514,9506.438492,9804.800764,9771.338532,10193.37504,10281.73497,10291.45679,10486.11026,10334.7313,10169.75872,10157.70177
Oklahoma,5920,6440,6820,7280,7760,8160,8500,9200,9660,10000,10300,11000,11000,11500,11500,11800,12000,12500,12900,13500,13900,14300,15200,15100,15600,15600,15600,15600,15600,15600,12351.59014,12902.70059,13035.935,13201.86503,13504.05228,13785.1655,13942.17647,14713.60594,15023.5185,15106.24602,15210.43676,15995.01227,15649.38175,15828.66144,15390.71429,15546.41801,15457.63043,15684.02594,15655.50077,15871.67411,15889.38228,15742.20099,16792.71361,16413.01638,16437.63509,16104.36335,15871.8785,15618.51683,15600,7311.408451,7637.633136,7716.5,7814.720735,7993.597651,8160,8252.941176,8709.581646,8893.031496,8942.001275,9003.676012,9468.09816,9263.505402,9369.628339,9110.38961,9202.556976,9150,9284.012705,9267.127496,9395.089286,9405.571471,9318.448884,9940.29002,9715.53179,9730.104606,9532.827513,9395.210275,9245.235199,9234.274335
Texas,6380,6640,6920,7380,7680,8060,8420,8840,9290,9290,9528,9719,9960,10900,11100,11500,11950,12400,12900,13500,13900,14400,14800,15300,15450,15450,15450,15450,15450,15450,13311.34208,13303.40558,13227.07774,13383.20933,13364.83524,13616.22965,13810.95599,14137.85614,14448.08353,14033.70255,14070.39237,14132.32039,14169.80384,15002.81823,14855.38509,15151.17009,15393.22364,15558.55373,15655.50077,15871.67411,15889.38228,15852.28631,16350.8001,16630.40733,16279.58091,15949.51371,15719.26428,15468.33878,15450,7879.524648,7874.826712,7829.645161,7922.0658,7911.189427,8060,8175.266436,8368.77193,8552.408136,8307.119184,8328.837383,8365.495092,8387.683073,8880.778165,8793.506494,8968.593663,9111.875,9209.740603,9267.127496,9395.089286,9405.571471,9383.612862,9678.70344,9844.21433,9636.545908,9441.16571,9304.871715,9156.338706,9145.483235
Utah,,,,,,,,,,,,7000,9000,9500,10000,12100,12400,12600,12600,13500,14100,14500,14900,14900,15100,15600,15900,15900,16100,16100,,,,,,,,,,,,10178.64417,12804.03962,13075.85075,13383.22981,15941.66593,15972.88478,15809.49815,15291.41935,15871.67411,16118.00648,15962.37163,16461.27847,16195.62544,15910.78781,16104.36335,16177.10693,15918.87292,16100,,,,,,,,,,,,6025.153374,7579.231693,7740.127758,7922.077922,9436.520289,9455,9358.284807,9051.612903,9395.089286,9540.903435,9448.77684,9744.100085,9586.84925,9418.242279,9532.827513,9575.887396,9423.028183,9530.244666
Northwest Region,,,,,,,,,,,,9920,9646,9914,10706,11212,11878,12274,12727,13882.6,14384.6,14972.6,15582,16145.6,16618,17044,17184.4,17544,17958,18176,,,,,,,,,,,,14424.59288,13723.08513,13645.68257,14328.08584,14771.7321,15300.47786,15400.45875,15445.54715,16321.48911,16443.33873,16482.63486,17214.74102,17549.53624,17510.29615,17595.0493,17483.8916,17564.82431,17958,,,,,,,,,,,,8538.503067,8123.252101,8077.434379,8481.376623,8743.988883,9056.975,9116.157755,9142.847414,9661.353075,9733.480819,9756.741801,10190.1052,10388.28411,10365.0563,10415.22514,10349.42637,10397.33374,10630.07042
Idaho,,,,,,,,,,,,10000,9400,9490,10240,10550,10800,11340,11915,14868,14868,15463,16040,16728,17100,17700,18252,17600,17700,17220,,,,,,,,,,,,14540.92025,13373.10804,13062.0867,13704.42733,13899.5517,13911.86739,14228.54833,14460.10013,17480.00375,16995.92343,17022.49328,17720.73199,18182.57868,18018.17693,18272.25842,18570.09785,17620.89078,17700,,,,,,,,,,,,8607.361963,7916.086435,7731.980256,8112.207792,8227.709839,8235,8422.456326,8559.521249,10347.125,10060.57818,10076.30595,10489.62184,10763.00767,10665.69159,10816.09276,10992.39602,10430.52176,10477.34973
Montana,5700,6000,6200,6500,6900,7100,7400,7800,8200,8750,9100,9650,9850,10300,10900,11400,12600,13000,13000,13600,14000,14600,15000,15500,16000,16000,16100,16500,16800,17250,11892.57835,12021.14962,11850.85,11787.3795,12007.46916,11994.44547,12137.89481,12474.57895,12752.8832,13217.96526,13438.34704,14031.98804,14013.31002,14176.97503,14587.7205,15019.42079,16230.51196,16311.38698,15776.86124,15989.24206,16003.69438,16072.45696,16571.75685,16847.79827,16859.11292,16517.29575,16380.59256,16519.58511,16800,7039.700704,7115.80727,7015,6977.429227,7107.709251,7100,7184.913495,7384.210526,7548.950131,7824.251115,7954.70405,8306.104294,8295.048019,8391.927991,8635.064935,8890.605892,9607.5,9655.373213,9338.965694,9464.68254,9473.237453,9513.940818,9809.49673,9972.896871,9979.594468,9777.258988,9696.338809,9778.614152,9944.60313
Oregon,,,,,,,,,,,,10100,9480,9480,9480,10600,11020,11560,12120,13080,13860,14580,15300,16080,16860,17700,18600,19560,19560,19950,,,,,,,,,,,,14686.32945,13486.92173,13048.32265,12687.30186,13965.42635,14195.25728,14504.58719,14708.88909,15377.88869,15843.65744,16050.43989,16903.19199,17478.23201,17765.29023,18272.25842,18924.16283,19583.21725,19560,,,,,,,,,,,,8693.435583,7983.457383,7723.832753,7510.12987,8266.703724,8402.75,8585.85495,8706.789555,9102.797619,9378.505079,9500.908023,10005.68666,10346.07624,10515.99767,10816.09276,11201.98148,11592.1026,11578.35936
Washington,,,,,,,,,,,,10200,9500,9800,11910,12260,12970,12970,13350,14150,15000,15900,16370,16860,17400,17920,18190,18560,18930,19210,,,,,,,,,,,,14831.73865,13515.37515,13488.77236,15939.42671,16152.46481,16707.12223,16273.74531,16201.62289,16635.86582,17146.81541,17503.56614,18085.31065,18326.0567,18334.2853,18499.37124,18507.0173,18582.03028,18930,,,,,,,,,,,,8779.509202,8000.30012,7984.552846,9435.194805,9561.300723,9889.625,9633.091583,9590.399386,9847.445437,10149.89727,10361.07253,10705.43076,10847.93814,10852.80898,10950.53007,10955.05608,10999.45931,11205.43674
Wyoming,5710,5900,6100,6400,6800,7150,7500,7850,8320,8570,9000,9650,10000,10500,11000,11250,12000,12500,13250,13715,14195,14320,15200,15560,15730,15900,14780,15500,16800,17250,11913.44252,11820.79713,11659.70726,11606.0352,11833.44787,12078.9134,12301.92042,12554.5442,12939.51076,12946.05284,13290.6729,14031.98804,14226.71068,14452.2561,14721.5528,14821.79683,15457.63043,15684.02594,16080.26242,16124.44521,16226.60298,15764.21806,16792.71361,16913.01556,16574.61538,16414.06265,15037.58745,15518.39813,16800,7052.051056,6997.210482,6901.854839,6870.084162,7004.698972,7150,7282.00692,7431.545209,7659.422572,7663.295092,7867.28972,8306.104294,8421.368547,8554.878049,8714.285714,8773.624236,9150,9284.012705,9518.561188,9544.714782,9605.186118,9331.481679,9940.29002,10011.50163,9811.188811,9716.151119,8901.359478,9185.970871,9944.60313
Pacific Region,,,,,,,,,,,,11616.66667,11466.66667,11800,12700,13066.66667,14066.66667,14380,15416.66667,16566.66667,18900,19433.33333,20266.66667,21000,21466.66667,22233.33333,22233.33333,22550,22616.66667,22933.33333,,,,,,,,,,,,16891.70235,16313.29492,16241.58304,16996.70186,17215.24254,18119.7779,18042.90344,18709.73929,19477.09144,21604.98741,21393.2475,22390.28481,22826.04927,22619.30983,22952.15888,22620.81829,22576.76631,22616.66667,,,,,,,,,,,,9998.885481,9656.502601,9614.053426,10061.03896,10190.40208,10725.83333,10680.32822,11075.05547,11529.28241,12788.87056,12663.5331,13253.72003,13511.66673,13389.28924,13586.31613,13390.18217,13364.10601,13387.72465
California,,,,,,,,,,,,15000,14600,15100,15600,16100,16600,17100,17600,18700,19600,20600,21600,22200,22400,22600,22600,22600,22800,23750,,,,,,,,,,,,21811.38037,20770.9976,20783.72067,20877.83851,21211.63813,21383.05543,21455.74749,21359.44291,21985.20784,22405.17213,22677.57625,23863.32987,24130.39494,23602.75808,23330.68024,22993.87526,22626.82566,22800,,,,,,,,,,,,12911.04294,12295.19808,12302.72938,12358.44156,12556.03113,12657.5,12700.52938,12643.52279,13013.93849,13262.53243,13423.77951,14125.67529,14283.76197,13971.43225,13810.37832,13611.00976,13393.73817,13496.2471
Hawaii,,,,,,,,,,,,8350,8400,8400,9500,9500,11200,11540,11800,13700,18000,18000,19100,20000,20400,22500,22500,23450,23450,23450,,,,,,,,,,,,12141.6684,11950.43697,11561.80488,12714.06832,12516.18399,14427.12174,14479.49275,14320.53559,16106.81002,20576.17849,19815.35789,21101.37039,21739.09454,21495.36897,23227.44715,22892.13245,23477.83459,23450,,,,,,,,,,,,7187.147239,7073.94958,6843.902439,7525.974026,7408.838243,8540,8571.000529,8476.907322,9534.275794,12179.87673,11729.51608,12490.75917,12868.25403,12723.98295,13749.27045,13550.78405,13897.48496,13881.00854
Nevada,,,,,,,,,,,,11500,11400,11900,13000,13600,14400,14500,16850,17300,19100,19700,20100,20800,21600,21600,21600,21600,21600,21600,,,,,,,,,,,,16722.05828,16218.45018,16379.22358,17398.19876,17917.9055,18549.15652,18193.47009,20449.23938,20339.25645,21833.61162,21686.80836,22206.15418,22608.65833,22759.80244,22298.34926,21976.44716,21625.63869,21600,,,,,,,,,,,,9898.466258,9600.360144,9695.528455,10298.7013,10606.33685,10980,10769.45474,12104.7363,12039.63294,12924.20253,12837.30371,13144.72562,13382.98419,13472.45253,13199.29963,13008.75269,12801.09489,12785.91831
Alaska,,,,,,,,,,,,15000,15500,15500,18000,18700,19600,20700,21600,22890,24200,25719,27262,28898,30344,30344,30344,30344,30344,30344,,,,,,,,,,,,21811.38037,22051.40156,21334.28281,24089.81366,24637.12007,25247.46304,25972.74696,26213.86175,26911.30521,27663.52886,28312.84387,30118.61569,31410.81771,31973.30764,31325.05139,30872.83854,30380.01761,30344,,,,,,,,,,,,12911.04294,13053.12125,12628.6295,14259.74026,14583.71317,14945,15374.32504,15517.05069,15929.89583,16375.1676,16759.52356,17828.43332,18593.34024,18926.30091,18542.57167,18274.8885,17983.16775,17961.84746
